name,state_name,lga_code
GUDU,SOK,SOK-GUD
BINJI,SOK,SOK-BIN
TANGAZA,SOK,SOK-TAN
GWADABAWA,SOK,SOK-GWA
ILLELA,SOK,SOK-ILL
GADA,SOK,SOK-GAD
SABON BIRNI,SOK,SOK-SAB
ISA,SOK,SOK-ISA
GORONYO,SOK,SOK-GOR
WURNO,SOK,SOK-WUR
RABAH,SOK,SOK-RAB
KWARE,SOK,SOK-KWA
SOKOTO SOUTH,SOK,SOK-SOU
SOKOTO NORTH,SOK,SOK-NOO
WAMAKKO,SOK,SOK-WAM
SILAME,SOK,SOK-SIL
YABO,SOK,SOK-YAB
BODINGA,SOK,SOK-BOD
DANGE SHUNI,SOK,SOK-DAN
TURETA,SOK,SOK-TUR
SHAGARI,SOK,SOK-SHA
TAMBUWAL,SOK,SOK-TAM
KEBBE,SOK,SOK-KEB
GUMMI,ZAM,ZAM-GUM
BUKKUYUM,ZAM,ZAM-BUK
ANKA,ZAM,ZAM-ANK
BAKURA,ZAM,ZAM-BAK
TALATA MAFARA,ZAM,ZAM-TAL
MARADUN,ZAM,ZAM-MAN
SHINKAFI,ZAM,ZAM-SHI
ZURMI,ZAM,ZAM-ZUR
BIRNIN MAGAJI,ZAM,ZAM-BIR
KAURA NAMODA,ZAM,ZAM-KAU
TSAFE,ZAM,ZAM-TSA
GUSAU,ZAM,ZAM-GUS
BUNGUDU,ZAM,ZAM-BUN
MARU,ZAM,ZAM-MAU
BAURE,KAT,KAT-BAU
ZANGO,KAT,KAT-ZAN
SANDAMU,KAT,KAT-SAN
DUTSI,KAT,KAT-DUI
DAURA,KAT,KAT-DAU
MAI'ADUA,KAT,KAT-MAI
MASHI,KAT,KAT-MAS
KAITA,KAT,KAT-KAI
KATSINA,KAT,KAT-KAT
JIBIA,KAT,KAT-JIB
BATSARI,KAT,KAT-BAT
BATAGARAWA,KAT,KAT-BAG
RIMI,KAT,KAT-RIM
MANI,KAT,KAT-MAN
INGAWA,KAT,KAT-ING
KUSADA,KAT,KAT-KUS
BINDAWA,KAT,KAT-BIN
CHARANCHI,KAT,KAT-CHA
KURFI,KAT,KAT-KUR
SAFANA,KAT,KAT-SAF
DUTSIN-MA,KAT,KAT-DUM
KANKIA,KAT,KAT-KAA
MATAZU,KAT,KAT-MAT
DAN MUSA,KAT,KAT-DAM
KANKARA,KAT,KAT-KA1
MUSAWA,KAT,KAT-MUS
MALUMFASHI,KAT,KAT-MAL
KAFUR,KAT,KAT-KAF
BAKORI,KAT,KAT-BAK
FASKARI,KAT,KAT-FAS
SABUWA,KAT,KAT-SAB
DANDUME,KAT,KAT-DAE
FUNTUA,KAT,KAT-FUN
DANJA,KAT,KAT-DAA
RONI,JIG,JIG-RON
GWIWA,JIG,JIG-GWI
YANKWASHI,JIG,JIG-YAN
KAZAURE,JIG,JIG-KAZ
BABURA,JIG,JIG-BAB
GARKI,JIG,JIG-GAR
SULE TANKARKAR,JIG,JIG-SUL
GUMEL,JIG,JIG-GUM
GAGARAWA,JIG,JIG-GAG
MAIGATARI,JIG,JIG-MAI
KAUGAMA,JIG,JIG-KAU
MALAM MADORI,JIG,JIG-MAL
BIRNIWA,JIG,JIG-BIA
GURI,JIG,JIG-GUR
KIRIKASAMMA,JIG,JIG-KIR
HADEJIA,JIG,JIG-HAD
AUYO,JIG,JIG-AUY
KAFIN-HAUSA,JIG,JIG-KAF
MIGA,JIG,JIG-MIG
TAURA,JIG,JIG-TAU
RINGIM,JIG,JIG-RIN
JAHUN,JIG,JIG-JAH
KIYAWA,JIG,JIG-KIY
DUTSE,JIG,JIG-DUT
BIRNIN KUDU,JIG,JIG-BIK
BUJI,JIG,JIG-BUJ
GWARAM,JIG,JIG-GWA
KUNCHI,KAN,KAN-KUN
MAKODA,KAN,KAN-MAK
DAMBATTA,KAN,KAN-DAM
GABASAWA,KAN,KAN-GAB
MINJIBIR,KAN,KAN-MIN
DAWAKIN TOFA,KAN,KAN-DAT
BICHI,KAN,KAN-BIC
TSANYAWA,KAN,KAN-TSA
SHANONO,KAN,KAN-SHA
BAGWAI,KAN,KAN-BAG
TOFA,KAN,KAN-TOF
UNGOGO,KAN,KAN-UNG
GWALE,KAN,KAN-GWE
DALA,KAN,KAN-DAL
FAGGE,KAN,KAN-FAG
NASARAWA,KAN,KAN-NAS
KANO MUNICIPAL,KAN,KAN-KAN
TARAUNI,KAN,KAN-TAR
KUMBOTSO,KAN,KAN-KUM
GEZAWA,KAN,KAN-GEZ
WARAWA,KAN,KAN-WAR
AJINGI,KAN,KAN-AJI
GAYA,KAN,KAN-GAY
WUDIL,KAN,KAN-WUD
DAWAKIN KUDU,KAN,KAN-DAK
MADOBI,KAN,KAN-MAD
RIMIN GADO,KAN,KAN-RIM
KABO,KAN,KAN-KAB
GWARZO,KAN,KAN-GWO
KARAYE,KAN,KAN-KAR
ROGO,KAN,KAN-ROG
KIRU,KAN,KAN-KIR
BEBEJI,KAN,KAN-BEB
GARUN MALAM,KAN,KAN-GAM
KURA,KAN,KAN-KUR
BUNKURE,KAN,KAN-BUN
RANO,KAN,KAN-RAN
KIBIYA,KAN,KAN-KIB
GARKO,KAN,KAN-GAO
ALBASU,KAN,KAN-ALB
TAKAI,KAN,KAN-TAK
SUMAILA,KAN,KAN-SUM
TUDUN WADA,KAN,KAN-TUD
DOGUWA,KAN,KAN-DOG
BIRNIN GWARI,KAD,KAD-BIR
GIWA,KAD,KAD-GIW
SABON GARI,KAD,KAD-SAB
KUDAN,KAD,KAD-KUD
MAKARFI,KAD,KAD-MAK
IKARA,KAD,KAD-IKA
KUBAU,KAD,KAD-KUB
SOBA,KAD,KAD-SOB
ZARIA,KAD,KAD-ZAR
IGABI,KAD,KAD-IGA
KADUNA NORTH,KAD,KAD-NOR
KADUNA SOUTH,KAD,KAD-SOU
CHIKUN,KAD,KAD-CHI
KAJURU,KAD,KAD-KAJ
KAURU,KAD,KAD-KA1
LERE,KAD,KAD-LER
ZANGON KATAF,KAD,KAD-ZAN
KACHIA,KAD,KAD-KAC
KAGARKO,KAD,KAD-KAG
JABA,KAD,KAD-JAB
JEMAA,KAD,KAD-JEM
KAURA,KAD,KAD-KAA
SANGA,KAD,KAD-SAN
AREWA-DANDI,KEB,KEB-ARE
AUGIE,KEB,KEB-AUG
ARGUNGU,KEB,KEB-ARG
GWANDU,KEB,KEB-GWA
BIRNIN KEBBI,KEB,KEB-BIR
ALIERO,KEB,KEB-ALI
JEGA,KEB,KEB-JEG
MAIYAMA,KEB,KEB-MAI
KALGO,KEB,KEB-KAL
BUNZA,KEB,KEB-BUN
SURU,KEB,KEB-SUR
DANDI,KEB,KEB-DAN
BAGUDO,KEB,KEB-BAG
KOKO/BESSE,KEB,KEB-KOK
YAURI,KEB,KEB-YAU
NGASKI,KEB,KEB-NGA
SHANGA,KEB,KEB-SHA
FAKAI,KEB,KEB-FAK
ZURU,KEB,KEB-ZUR
WASAGU/DANKO,KEB,KEB-WAS
SAKABA,KEB,KEB-SAK
MACHINA,YOB,YOB-MAC
NGURU,YOB,YOB-NGU
YUSUFARI,YOB,YOB-YUS
YUNUSARI,YOB,YOB-YUN
GEIDAM,YOB,YOB-GEI
BURSARI,YOB,YOB-BUR
KARASUWA,YOB,YOB-KAR
BADE,YOB,YOB-BAD
JAKUSKO,YOB,YOB-JAK
FUNE,YOB,YOB-FUN
TARMUWA,YOB,YOB-TAR
DAMATURU,YOB,YOB-DAM
GUJBA,YOB,YOB-GUJ
GULANI,YOB,YOB-GUL
FIKA,YOB,YOB-FIK
POTISKUM,YOB,YOB-POT
NANGERE,YOB,YOB-NAN
MOBBAR,BOR,BOR-MOB
ABADAM,BOR,BOR-ABA
KUKAWA,BOR,BOR-KUK
GUZAMALA,BOR,BOR-GUZ
GUBIO,BOR,BOR-GUB
MAGUMERI,BOR,BOR-MAG
KAGA,BOR,BOR-KAG
KONDUGA,BOR,BOR-KON
MAIDUGURI,BOR,BOR-MAI
JERE,BOR,BOR-JER
NGANZAI,BOR,BOR-NGI
MONGUNO,BOR,BOR-MON
MARTE,BOR,BOR-MAR
MAFA,BOR,BOR-MAF
DIKWA,BOR,BOR-DIK
NGALA,BOR,BOR-NG1
KALA/BALGE,BOR,BOR-KAL
BAMA,BOR,BOR-BAM
GWOZA,BOR,BOR-GWO
DAMBOA,BOR,BOR-DAM
ASKIRA/UBA,BOR,BOR-ASK
CHIBOK,BOR,BOR-CHI
BIU,BOR,BOR-BIU
KWAYA KUSAR,BOR,BOR-KWA
BAYO,BOR,BOR-BAY
SHANI,BOR,BOR-SHA
HAWUL,BOR,BOR-HAW
MADAGALI,ADA,ADA-MAD
MICHIKA,ADA,ADA-MIC
MUBI NORTH,ADA,ADA-MUN
MUBI SOUTH,ADA,ADA-MUS
MAIHA,ADA,ADA-MAI
HONG,ADA,ADA-HON
GOMBI,ADA,ADA-GOM
SONG,ADA,ADA-SON
SHELLENG,ADA,ADA-SHE
GUYUK,ADA,ADA-GUY
LAMURDE,ADA,ADA-LAM
NUMAN,ADA,ADA-NUM
DEMSA,ADA,ADA-DEM
YOLA NORTH,ADA,ADA-YON
YOLA SOUTH,ADA,ADA-YOS
GIREI,ADA,ADA-GIR
FUFORE,ADA,ADA-FUF
MAYO-BELWA,ADA,ADA-MAY
JADA,ADA,ADA-JAD
GANYE,ADA,ADA-GAN
TOUNGO,ADA,ADA-TOU
DUKKU,GOM,GOM-DUK
NAFADA,GOM,GOM-NAF
FUNA KAYE,GOM,GOM-FUN
KWAMI,GOM,GOM-KWA
AKKO,GOM,GOM-AKK
GOMBE,GOM,GOM-GOM
YAMALTU-DEBA,GOM,GOM-YAM
BALANGA,GOM,GOM-BAL
KALTUNGO,GOM,GOM-KAL
BILLIRI,GOM,GOM-BIL
SHONGOM,GOM,GOM-SHO
ZAKI,BAU,BAU-ZAK
GAMAWA,BAU,BAU-GAM
ITAS/GADAU,BAU,BAU-ITA
JAMA'ARE,BAU,BAU-JAM
KATAGUM,BAU,BAU-KAT
SHIRA,BAU,BAU-SHI
GIADE,BAU,BAU-GIA
MISAU,BAU,BAU-MIS
DAMBAN,BAU,BAU-DAM
DARAZO,BAU,BAU-DAR
GANJUWA,BAU,BAU-GAN
WARJI,BAU,BAU-WAR
NINGI,BAU,BAU-NIN
TORO,BAU,BAU-TOR
BAUCHI,BAU,BAU-BAU
KIRFI,BAU,BAU-KIR
ALKALERI,BAU,BAU-ALK
TAFAWA-BALEWA,BAU,BAU-TAF
DASS,BAU,BAU-DAS
BOGORO,BAU,BAU-BOG
KARIM LAMIDO,TAR,TAR-KAR
LAU,TAR,TAR-LAU
ARDO-KOLA,TAR,TAR-ARD
JALINGO,TAR,TAR-JAL
YORRO,TAR,TAR-YOR
ZING,TAR,TAR-ZIN
GASSOL,TAR,TAR-GAL
IBI,TAR,TAR-IBI
WUKARI,TAR,TAR-WUK
BALI,TAR,TAR-BAL
GASHAKA,TAR,TAR-GAA
SARDAUNA,TAR,TAR-SAR
KURMI,TAR,TAR-KUR
USSA,TAR,TAR-USS
TAKUM,TAR,TAR-TAK
DONGA,TAR,TAR-DON
AGWARA,NIG,NIG-AGW
BORGU,NIG,NIG-BOR
MASHEGU,NIG,NIG-MAS
MAGAMA,NIG,NIG-MAG
RIJAU,NIG,NIG-RIJ
KONTAGORA,NIG,NIG-KON
MARIGA,NIG,NIG-MAR
RAFI,NIG,NIG-RAF
SHIRORO,NIG,NIG-SHI
MUNYA,NIG,NIG-MUN
CHANCHAGA,NIG,NIG-CHA
BOSSO,NIG,NIG-BOS
WUSHISHI,NIG,NIG-WUS
LAVUN,NIG,NIG-LAV
MOKWA,NIG,NIG-MOK
EDATTI,NIG,NIG-EDA
GBAKO,NIG,NIG-GBA
BIDA,NIG,NIG-BID
KATCHA,NIG,NIG-KAT
AGAIE,NIG,NIG-AGA
LAPAI,NIG,NIG-LAP
PAIKORO,NIG,NIG-PAI
GURARA,NIG,NIG-GUR
SULEJA,NIG,NIG-SUL
TAFA,NIG,NIG-TAF
BWARI,FCT,FCT-BWA
ABUJA MUNICIPAL AREA COUNCIL,FCT,FCT-ABU
GWAGWALADA,FCT,FCT-GWA
ABAJI,FCT,FCT-ABA
KWALI,FCT,FCT-KWA
KUJE,FCT,FCT-KUJ
KARU,NAS,NAS-KAR
KEFFI,NAS,NAS-KEF
KOKONA,NAS,NAS-KOK
AKWANGA,NAS,NAS-AKW
WAMBA,NAS,NAS-WAM
NASSARAWA EGGON,NAS,NAS-NAE
LAFIA,NAS,NAS-LAF
AWE,NAS,NAS-AWE
OBI,NAS,NAS-OBI
KEANA,NAS,NAS-KEA
DOMA,NAS,NAS-DOM
NASARAWA,NAS,NAS-NAA
TOTO,NAS,NAS-TOT
BASSA,PLA,PLA-BAS
JOS NORTH,PLA,PLA-JON
JOS EAST,PLA,PLA-JOE
JOS SOUTH,PLA,PLA-JSO
RIYOM,PLA,PLA-RIY
BARKIN LADI,PLA,PLA-BAR
MANGU,PLA,PLA-MAN
BOKKOS,PLA,PLA-BOK
QUA'AN PAN,PLA,PLA-QUA
PANKSHIN,PLA,PLA-PAN
KANKE,PLA,PLA-KAE
KANAM,PLA,PLA-KAM
WASE,PLA,PLA-WAS
LANGTANG NORTH,PLA,PLA-LNO
MIKANG,PLA,PLA-MIK
SHENDAM,PLA,PLA-SHE
LANTANG SOUTH,PLA,PLA-LAS
AGATU,BEN,BEN-AGA
APA,BEN,BEN-APA
GWER WEST,BEN,BEN-GWW
MAKURDI,BEN,BEN-MAK
GUMA,BEN,BEN-GUM
LOGO,BEN,BEN-LOG
UKUM,BEN,BEN-UKU
KATSINA ALA,BEN,BEN-KAT
BURUKU,BEN,BEN-BUR
TARKA,BEN,BEN-TAR
GBOKO,BEN,BEN-GBO
GWER EAST,BEN,BEN-GEA
OTUKPO,BEN,BEN-OTU
OHIMINI,BEN,BEN-OHI
OKPOKWU,BEN,BEN-OKP
OGBADIBO,BEN,BEN-OGB
ADO,BEN,BEN-ADO
OBI,BEN,BEN-OBI
OJU,BEN,BEN-OJU
KONSHISHA,BEN,BEN-KON
USHONGO,BEN,BEN-USH
KWANDE,BEN,BEN-KWA
VANDEIKYA,BEN,BEN-VAN
YAGBA WEST,KOG,KOG-YAW
YAGBA EAST,KOG,KOG-YAE
MOPA-MURO,KOG,KOG-MOP
IJUMU,KOG,KOG-IJU
KABBA_BUNU,KOG,KOG-KAB
OKEHI,KOG,KOG-OKI
OGORI MAGONGO,KOG,KOG-OGO
OKENE,KOG,KOG-OK1
ADAVI,KOG,KOG-ADA
AJAOKUTA,KOG,KOG-AJA
LOKOJA,KOG,KOG-LOK
KOGI KOTON KERFE,KOG,KOG-KOG
BASSA,KOG,KOG-BAS
DEKINA,KOG,KOG-DEK
OMALA,KOG,KOG-OMA
ANKPA,KOG,KOG-ANK
OLAMABORO,KOG,KOG-OLA
OFU,KOG,KOG-OFU
IGALAMELA-ODOLU,KOG,KOG-IGA
IDAH,KOG,KOG-IDA
IBAJI,KOG,KOG-IBA
BARUTEN,KWA,KWA-BAR
KAIAMA,KWA,KWA-KAI
MORO,KWA,KWA-MOR
EDU,KWA,KWA-EDU
PATIGI,KWA,KWA-PAT
IFELODUN,KWA,KWA-IFE
ILORIN SOUTH,KWA,KWA-ILS
ILORIN EAST,KWA,KWA-ILE
ILORIN WEST,KWA,KWA-ILW
ASA,KWA,KWA-ASA
OYUN,KWA,KWA-OYU
OFFA,KWA,KWA-OFF
IREPODUN,KWA,KWA-IRE
ISIN,KWA,KWA-ISI
OKE-ERO,KWA,KWA-OKE
EKITI,KWA,KWA-EKI
ANAMBRA WEST,ANA,ANA-ANW
AYAMELUM,ANA,ANA-AYA
AWKA NORTH,ANA,ANA-AWN
ANAMBRA EAST,ANA,ANA-ANE
OYI,ANA,ANA-OYI
DUNUKOFIA,ANA,ANA-DUN
NJIKOKA,ANA,ANA-NJI
AWKA SOUTH,ANA,ANA-AWS
ORUMBA NORTH,ANA,ANA-ORN
ANAOCHA,ANA,ANA-AN1
IDEMILI NORTH,ANA,ANA-IDN
ONITSHA NORTH,ANA,ANA-ONN
ONITSHA SOUTH,ANA,ANA-ONS
OGBARU,ANA,ANA-OGB
IDEMILI SOUTH,ANA,ANA-IDS
NNEWI NORTH,ANA,ANA-NNN
EKWUSIGO,ANA,ANA-EKW
IHIALA,ANA,ANA-IHI
NNEWI SOUTH,ANA,ANA-NNS
AGUATA,ANA,ANA-AGU
ORUMBA SOUTH,ANA,ANA-ORS
IGBO-EZE NORTH,ENU,ENU-IGE
IGBO-EZE SOUTH,ENU,ENU-IEZ
UDENU,ENU,ENU-UDE
ISI-UZO,ENU,ENU-ISI
IGBO-ETITI,ENU,ENU-IET
NSUKKA,ENU,ENU-NSU
UZO UWANI,ENU,ENU-UZO
EZEAGU,ENU,ENU-EZE
UDI,ENU,ENU-UDI
ENUGU EAST,ENU,ENU-ENE
NKANU EAST,ENU,ENU-NKE
ENUGU NORTH,ENU,ENU-ENN
ENUGU SOUTH,ENU,ENU-ENS
NKANU WEST,ENU,ENU-NKW
ANINRI,ENU,ENU-ANI
AWGU,ENU,ENU-AWG
OJI-RIVER,ENU,ENU-OJI
ISHIELU,EBO,EBO-ISH
OHAUKWU,EBO,EBO-OHU
EBONYI,EBO,EBO-EBO
IZZI,EBO,EBO-IZZ
ABAKALIKI,EBO,EBO-ABA
EZZA NORTH,EBO,EBO-EZN
EZZA SOUTH,EBO,EBO-EZS
IKWO,EBO,EBO-IKW
ONICHA,EBO,EBO-ONI
OHAOZARA,EBO,EBO-OH1
AFIKPO NORTH,EBO,EBO-AFN
AFIKPO SOUTH,EBO,EBO-AFS
IVO,EBO,EBO-IVO
UMU-NNEOCHI,ABI,ABI-UMN
ISUIKWUATO,ABI,ABI-ISU
BENDE,ABI,ABI-BEN
OHAFIA,ABI,ABI-OHA
AROCHUKWU,ABI,ABI-ARO
UMUAHIA NORTH,ABI,ABI-UNO
UMUAHIA SOUTH,ABI,ABI-UMS
IKWUANO,ABI,ABI-IKW
ISIALA-NGWA NORTH,ABI,ABI-ISN
ISIALA-NGWA SOUTH,ABI,ABI-ING
OBI NGWA,ABI,ABI-OBI
ABA NORTH,ABI,ABI-ABN
OSISIOMA NGWA,ABI,ABI-OSI
ABA SOUTH,ABI,ABI-ABS
UGWUNAGBO,ABI,ABI-UGW
UKWA EAST,ABI,ABI-UKE
UKWA WEST,ABI,ABI-UWE
IDEATO NORTH,IMO,IMO-IDN
OKIGWE,IMO,IMO-OKI
UNUIMO,IMO,IMO-UNU
IDEATO SOUTH,IMO,IMO-IDS
ORLU,IMO,IMO-ORL
ORSU,IMO,IMO-ORS
ORU EAST,IMO,IMO-ORE
ORU WEST,IMO,IMO-ORW
OGUTA,IMO,IMO-OGU
MBAITOLI,IMO,IMO-MBA
NJABA,IMO,IMO-NJA
ISU,IMO,IMO-ISU
NKWERRE,IMO,IMO-NKW
NWANGELE,IMO,IMO-NWA
ISIALA MBANO,IMO,IMO-ISI
EHIME-MBANO,IMO,IMO-EHI
IHITTE/UBOMA,IMO,IMO-IHI
OBOWO,IMO,IMO-OBO
EZINIHITTE,IMO,IMO-EZI
AHIAZU-MBAISE,IMO,IMO-AHI
ABOH-MBAISE,IMO,IMO-ABO
IKEDURU,IMO,IMO-IKE
OWERRI-NORTH,IMO,IMO-OWN
OWERRI-MUNICIPAL,IMO,IMO-OWM
OWERRI-WEST,IMO,IMO-OWW
OHAJI/EGBEMA,IMO,IMO-OHA
NGOR-OKPALA,IMO,IMO-NGO
AKOKO-EDO,EDO,EDO-AKO
ETSAKO EAST,EDO,EDO-ETE
ETSAKO CENTRAL,EDO,EDO-ETC
ETSAKO WEST,EDO,EDO-ETW
OWAN EAST,EDO,EDO-OWE
OWAN WEST,EDO,EDO-OWW
ESAN WEST,EDO,EDO-ESW
ESAN CENTRAL,EDO,EDO-ESC
ESAN NORTH EAST,EDO,EDO-ESN
ESAN SOUTH EAST,EDO,EDO-ESS
IGUEBEN,EDO,EDO-IGU
UHUNMWONDE,EDO,EDO-UHU
OVIA NORTH EAST,EDO,EDO-OVN
OVIA SOUTH WEST,EDO,EDO-OVS
EGOR,EDO,EDO-EGO
OREDO,EDO,EDO-ORE
IKPOBA-OKHA,EDO,EDO-IKP
ORHIONMWON,EDO,EDO-ORH
YALA,CRO,CRO-YAL
BEKWARRA,CRO,CRO-BEK
OGOJA,CRO,CRO-OGO
OBUDU,CRO,CRO-OB1
OBANLIKU,CRO,CRO-OBA
BOKI,CRO,CRO-BOK
ETUNG,CRO,CRO-ETU
IKOM,CRO,CRO-IKO
OBUBRA,CRO,CRO-OB2
YAKURR,CRO,CRO-YAK
ABI,CRO,CRO-ABI
BIASE,CRO,CRO-BIA
AKAMKPA,CRO,CRO-AKA
ODUKPANI,CRO,CRO-ODU
CALABAR SOUTH,CRO,CRO-CAS
CALABAR-MUNICIPAL,CRO,CRO-CAM
AKPABUYO,CRO,CRO-AKP
BAKASSI,CRO,CRO-BAK
INI,AKW,AKW-INI
OBOT AKARA,AKW,AKW-OBO
IKOT-EKPENE,AKW,AKW-IKE
IKONO,AKW,AKW-IK1
IBIONO IBOM,AKW,AKW-IBI
ITU,AKW,AKW-ITU
URUAN,AKW,AKW-URN
UYO,AKW,AKW-UYO
ABAK,AKW,AKW-ABA
ESSIEN UDIM,AKW,AKW-ESS
IKA,AKW,AKW-IKA
ETIM EKPO,AKW,AKW-ETE
UKANAFUN,AKW,AKW-UKA
ORUK ANAM,AKW,AKW-ORU
MKPAT ENIN,AKW,AKW-MKP
ETINAN,AKW,AKW-ETN
NSIT IBOM,AKW,AKW-NIB
IBESIKPO ASUTAN,AKW,AKW-IBA
NSIT ATAI,AKW,AKW-NSA
OKOBO,AKW,AKW-OKO
ORON,AKW,AKW-ORO
UDUNG UKO,AKW,AKW-UDU
MBO,AKW,AKW-MBO
URUE-OFFONG/ORUKO,AKW,AKW-URO
ESIT EKET,AKW,AKW-ESI
NSIT UBIUM,AKW,AKW-NSU
EKET,AKW,AKW-EKE
ONNA,AKW,AKW-ONN
IBENO,AKW,AKW-IBO
EASTERN OBOLO,AKW,AKW-EAS
IKOT ABASI,AKW,AKW-IAB
OGBA/EGBEMA/NDONI,RIV,RIV-OGB
AHOADA EAST,RIV,RIV-AHE
AHOADA WEST,RIV,RIV-AHW
ABUA/ODUAL,RIV,RIV-ABU
AKUKU TORU,RIV,RIV-AKU
DEGEMA,RIV,RIV-DEG
ASARI-TORU,RIV,RIV-ASA
EMOHUA,RIV,RIV-EMO
IKWERRE,RIV,RIV-IKW
ETCHE,RIV,RIV-ETC
OMUMMA,RIV,RIV-OMU
OBIO/AKPOR,RIV,RIV-OBI
PORT-HARCOURT,RIV,RIV-POR
OKRIKA,RIV,RIV-OKR
ELEME,RIV,RIV-ELE
OYIGBO,RIV,RIV-OYI
KHANA,RIV,RIV-KHA
GOKANA,RIV,RIV-GOK
TAI,RIV,RIV-TAI
OGU/BOLO,RIV,RIV-OGU
BONNY,RIV,RIV-BON
ANDONI,RIV,RIV-AND
OPOBO/NKORO,RIV,RIV-OPO
EKEREMOR,BAY,BAY-EKE
SAGBAMA,BAY,BAY-SAG
KOLOKUMA/OPOKUMA,BAY,BAY-KOL
YENAGOA,BAY,BAY-YEN
OGBIA,BAY,BAY-OGB
SOUTHERN IJAW,BAY,BAY-SOU
BRASS,BAY,BAY-BRA
NEMBE,BAY,BAY-NEM
IKA SOUTH,DEL,DEL-IKS
IKA NORTH EAST,DEL,DEL-IKN
ANIOCHA NORTH,DEL,DEL-ANN
OSHIMILI NORTH,DEL,DEL-OSN
ANIOCHA SOUTH,DEL,DEL-ANS
OSHIMILI SOUTH,DEL,DEL-OSS
NDOKWA EAST,DEL,DEL-NDE
NDOKWA WEST,DEL,DEL-NDW
UKWUANI,DEL,DEL-UKW
UGHELLI NORTH,DEL,DEL-UGN
ETHIOPE EAST,DEL,DEL-ETE
ISOKO NORTH,DEL,DEL-ISN
ISOKO SOUTH,DEL,DEL-ISS
PATANI,DEL,DEL-PAT
UGHELLI SOUTH,DEL,DEL-UGS
UVWIE,DEL,DEL-UVW
OKPE,DEL,DEL-OKP
ETHIOPE WEST,DEL,DEL-ETW
SAPELE,DEL,DEL-SAP
WARRI NORTH,DEL,DEL-WAN
WARRI SOUTH WEST,DEL,DEL-WAS
WARRI SOUTH,DEL,DEL-WSO
UDU,DEL,DEL-UDU
BURUTU,DEL,DEL-BUR
BOMADI,DEL,DEL-BOM
IREPO,OYO,OYO-IRE
OLORUNSOGO,OYO,OYO-OLO
ORELOPE,OYO,OYO-ORE
SAKI EAST,OYO,OYO-SAE
SAKI WEST,OYO,OYO-SAW
ATISBO,OYO,OYO-ATO
ITESIWAJU,OYO,OYO-ITE
ATIBA,OYO,OYO-ATA
ORIIRE,OYO,OYO-ORI
OGBOMOSO NORTH,OYO,OYO-OGN
SURULERE,OYO,OYO-SUR
OGBOMOSO SOUTH,OYO,OYO-OGS
OGO-OLUWA,OYO,OYO-OGO
OYO EAST,OYO,OYO-OYE
OYO WEST,OYO,OYO-OYW
ISEYIN,OYO,OYO-ISE
KAJOLA,OYO,OYO-KAJ
IWAJOWA,OYO,OYO-IWA
IBARAPA-NORTH,OYO,OYO-IBN
IBARAPA CENTRAL,OYO,OYO-IBC
IBARAPA-EAST,OYO,OYO-IBE
IDO,OYO,OYO-IDO
AFIJIO,OYO,OYO-AFI
AKINYELE,OYO,OYO-AKI
LAGELU,OYO,OYO-LAG
IBADAN NORTH,OYO,OYO-INO
IBADAN NORTHWEST,OYO,OYO-IBT
IBADAN SOUTH WEST,OYO,OYO-IBS
IBADAN SOUTH EAST,OYO,OYO-ISO
IBADAN NORTH EAST,OYO,OYO-IB1
EGBEDA,OYO,OYO-EGB
ONA ARA,OYO,OYO-ONA
OLUYOLE,OYO,OYO-OLU
IFEDAYO,OSU,OSU-IFO
ILA,OSU,OSU-ILA
BOLUWADURO,OSU,OSU-BOL
ODO OTIN,OSU,OSU-ODO
IFELODUN,OSU,OSU-IFN
OLORUNDA,OSU,OSU-OLO
IREPODUN,OSU,OSU-IRN
OROLU,OSU,OSU-ORO
EGBEDORE,OSU,OSU-EGB
OSOGBO,OSU,OSU-OSO
BORIPE,OSU,OSU-BOR
OBOKUN,OSU,OSU-OBO
ORIADE,OSU,OSU-ORI
ILESHA EAST,OSU,OSU-IEA
ATAKUNMOSA WEST,OSU,OSU-ATW
ILESHA WEST,OSU,OSU-ILW
EDE NORTH,OSU,OSU-EDN
EDE SOUTH,OSU,OSU-EDS
EJIGBO,OSU,OSU-EJI
OLA-OLUWA,OSU,OSU-OLA
IWO,OSU,OSU-IWO
AYEDIRE,OSU,OSU-AYE
IREWOLE,OSU,OSU-IR1
ISOKAN,OSU,OSU-ISO
AIYEDADE,OSU,OSU-AIY
IFE NORTH,OSU,OSU-INO
IFE CENTRAL,OSU,OSU-IFC
IFE EAST,OSU,OSU-IFT
ATAKUNMOSA EAST,OSU,OSU-ATE
IFE SOUTH,OSU,OSU-IFS
MOBA,EKI,EKI-MOB
ILEJEMEJE,EKI,EKI-ILE
OYE,EKI,EKI-OYE
IKOLE,EKI,EKI-IKO
EKITI-EAST,EKI,EKI-EKE
GBONYIN,EKI,EKI-GBO
ADO EKITI,EKI,EKI-ADO
IREPODUN/IFELODUN,EKI,EKI-IRE
IDO_OSI,EKI,EKI-IDO
IJERO,EKI,EKI-IJE
EKITI WEST,EKI,EKI-EKW
EFON,EKI,EKI-EFO
EKITI SOUTH WEST,EKI,EKI-EKS
IKERE,EKI,EKI-IKE
ISE ORUN,EKI,EKI-ISE
EMURE,EKI,EKI-EMU
AKOKO NORTH WEST,OND,OND-AKN
AKOKO NORTH EAST,OND,OND-ANO
AKOKO SOUTH EAST,OND,OND-AKS
AKOKO SOUTH WEST,OND,OND-ASO
OSE,OND,OND-OSE
OWO,OND,OND-OWO
AKURE NORTH,OND,OND-AKH
AKURE SOUTH,OND,OND-AK1
IFEDORE,OND,OND-IFE
ILE OLUJI/OKEIGBO,OND,OND-ILE
ONDO WEST,OND,OND-ONW
ONDO EAST,OND,OND-ONE
IDANRE,OND,OND-IDA
ODIGBO,OND,OND-ODI
OKITIPUPA,OND,OND-OKI
IRELE,OND,OND-IRE
ESE-ODO,OND,OND-ESE
ILAJE,OND,OND-ILA
BADAGRY,LAG,LAG-BAD
OJO,LAG,LAG-OJO
AMUWO ODOFIN,LAG,LAG-AMU
ALIMOSHO,LAG,LAG-ALI
AGEGE,LAG,LAG-AGE
IFAKO-IJAIYE,LAG,LAG-IFA
IKEJA,LAG,LAG-IKE
OSHODI ISOLO,LAG,LAG-OSH
MUSHIN,LAG,LAG-MUS
SURULERE,LAG,LAG-SUR
AJEROMI-IFELODUN,LAG,LAG-AJE
APAPA,LAG,LAG-APA
LAGOS ISLAND,LAG,LAG-LAI
LAGOS MAIN LAND,LAG,LAG-LAM
SOMOLU,LAG,LAG-SOM
KOSOFE,LAG,LAG-KOS
IKORODU,LAG,LAG-IKO
ETI-OSA,LAG,LAG-ETI
IBEJU-LEKKI,LAG,LAG-IBE
EPE,LAG,LAG-EPE
IMEKO_AFON,OGU,OGU-IME
EGBADO NORTH,OGU,OGU-EGN
ABEOKUTA NORTH,OGU,OGU-ABN
ABEOKUTA SOUTH,OGU,OGU-ABS
ODEDA,OGU,OGU-ODE
OBAFEMI OWODE,OGU,OGU-OBA
EWEKORO,OGU,OGU-EWE
EGBADO SOUTH,OGU,OGU-EGS
IPOKIA,OGU,OGU-IPO
ADO-ODO_OTA,OGU,OGU-ADO
IFO,OGU,OGU-IFO
SAGAMU,OGU,OGU-SAG
IKENNE,OGU,OGU-IKE
REMO NORTH,OGU,OGU-REM
IJEBU NORTH,OGU,OGU-IJN
ODOGBOLU,OGU,OGU-ODO
IJEBU ODE,OGU,OGU-IJO
IJEBU NORTH EAST,OGU,OGU-INO
IJEBU EAST,OGU,OGU-IEA
OGUN WATERSIDE,OGU,OGU-OGU